Sequence,Label
APAKRWFGHEECTYWLGPCEVDDTCCSASCESKFCGLW,1
DCCIIAGCPFGCTICC,1
CKGKGAPCTRLMYDCCHGSCSSSKGRCG,1
LAKRADICQPGKTSQRACET,1
RSVCSNGCRPKPFGGCSC,1
EGCCSNPACRTNHPEVCD,1
CAKKRNWCGKNEDCCCPMKCIYAWYNQQGSCQTTITGLFKKC,1
NLWQFGRVFVYPDVLCKGCYCGWGGRMDIYTYSRCCFVHDCCYGK,1
ALVLIAFAQVLQQCP,1
SCFEGGKDCKNDCQCCGKWSYCKCPIWGLFGCSCVIGDSMVEVRKCQ,1
IKFEPPLPPKKAHKKFWEDDGIYYPPNHNFP,1
MKVTCVLVLTLMALTVCQVATAYCINVGMCIYDGYCCSNRCWGGMCSPWR,1
TIINEKCFATSQCWTPCKKAIGSLQSKCMNGKCKCYNG,1
DEEVGCFPNVCKNDGNCSIETSTGMTRCQCLEGYTGHVCENPL,1
GCCSLPPCAANNPDYC,1
CRTEGMSCEENQQCCWRSCCRGECEAPCRFGP,1
CGDINAACKEDCDCCGYTTACDCYWSSSCKCREAAIVIYTAPKKKLTC,1
ADNKRPIWVMGGMVNSLAQIKEFVGLGLDNSEKDNKWYKQ,1
GLSQSGCQAFTGRWCVGCERLRSRVVWECSPKRVVNSI,1
TGTSCISPKQCTEPCRAKGCKHGKCMNRKCHCMLCL,1
QGCCNGPKGCSSKWCRDHARCC,1
KSCCRNTLARNCYNACRFTGGSQPTCGILCDCIHVTTTTCPSSHPS,1
KKCLTKYSAGLQTSQTCPAGQKICFKKW,1
SPVCTPSGQPCQPNTQPCCNNAEEEQTINCNGNTVYRCA,1
DDNPGGASGKFMNVLKGQPLCCPFGGCHELCHCCGS,1
WDVNDCIHFCLIGVVERSYTECHTMCT,1
CRVENKCPHTVCCDRSRCSCKLIRTRPLMYHVCVC,1
MSDINATRLPIIIVLGLIIPLCVSDIEMILTRGER,1
VVLGPASDGRNAAANNKASDLIRQICCGYGDCGFVPNVCV,1
GVPCLCDSDGPRPRGNTLSGILWFYPSGCPSGWHNCKAHGPNIGWCCKK,1
DGVCSNRRQCNKEVCGSSYDVAIVGA,1
ERVCCGYPMSCKSRACKPSYCC,1
LLACLFGNGRCSSNRDCCELTPVCKRGSCVSSGPGLVGGILGGIL,1
CLSPGSSCSPTSYNCCRSCNPYSRKC,1
CQAYGESCSAVVRCCDPNAVCCQYPEDAVCVTRGYCRPPATVLT,1
RCAHGTYYSNDSQQCLLNCCWWGGGDHCCR,1
VGCAECPMHCKGKMAKPTCENEVCKCNIGKKD,1
PNPKVFFDMTIGGQSAGRIVMEEYA,1
DCCGVKLEMCHPCLCDNSCKNYGK,1
ANFPTVSLNTVGITRQIPQDFMNAV,1
DCIPGGENCDVFRPYRCCSGYCILLLCA,1
GCIPKHKRCTWSGPKCCNNISCHCNISGTLCKCRPGLFGW,1
GCLGDKCDYNNGCCSGYVCSRTWKWCVLAGP,1
INLLKIAKGIIKSL,1
GDPPRFCRDKLCSGDGDCSVWCTAGCNHDMGKCDTL,1
ADCGWLFHSCESNADCCENWACATTGRFRYLCKYQI,1
LCSREGEFCYKLRKCCAGFYCKAFVLHCYRN,1
QARPRPGPKIPP,1
QSAPGNEAIPP,1
GPMEDPLEIIRI,1
VAKCSTSECGHACQQAGCRNSGCRYGSCICVGC,1
ANPICPKIPNPTIRISGRNDLCVDVK,1
WLGCARVKEACGPWEWPCCSGLKCDGSECHPQ,1
LECNKLVDIAYITCPAGKNL,1
KYCYNDDDCKSECMVVKYCQQGTCYCKGN,1
DCLGFMRKCIPDNDKCCRPNLVCSRTHKWCKYVF,1
GAKERNNAEAVRERLEEI,1
LFGFLIKLIPSLFGALSNIGRNRNQ,1
LFGFLIPLLPHIIGAIPQVIGAIR,1
MPCPKILKQCKSDEDCCRGWKCFGFSIKDKMCISR,1
ECCHRQLLCCLRFV,1
ACKGLFVTCTPGKDECCPNHVCSSKHKWCKYKI,1
ACKDGFPTATCQHAKLVGNCKNSQKYRANCAKTCGPC,1
MSDINTTCLPAWLATCPCTGDDVNPTLTCGESLC,1
ISGTSMSCPHVAGRAYVLDTSLRVYLLDTGLR,1
GYEEREVAETVRELDAA,1
DPCCGYRMCVPC,1
FRGLAKLLKIGLKSFARVLKKVLPKAAKAGKALAKSLADENAIRQQNQ,1
RDCGKMCEEETWKG,1
ECGTLFSGCSTHADCCEGFICKLWCRYERTW,1
QWPDPSSDIPP,1
AGGKSTCCPCAMCKYTAGCPWGQCAHHCGCSE,1
SLLQFEMMIMEVAKRSGIFWYSA,1
WSTIVKLTICPTLKSMAKKCEGSIATMIKKKCDK,1
DCCWPGRPDCCAP,1
GFLSALKKYLPIVLKHV,1
QNWPHPPMPPAP,1
ACGSCRKKCKGSGKCINGRCKCY,1
DINGGGATLPQALYQTSGVL,1
SNKRKNAAMLDMIAQHAIRGCCSDPRCRYRCR,1
DQPVERHAGNKRHLNPTIRRAMIIDANRREKCCEVGWCDSGCECC,1
DECFSPGTFCGTKPGLCCSARCFSFFCISLEF,1
RCSPCFTTDQQMTKKCYDCCGGKGKGKCYGPQCICAPY,1
WATIDECEETCNVTFKTCCGPPGDWQCVEACPV,1
NLVQLGKMIFQETGKNPATSYGL,1
TCLARDELCGASFLSNFLCCDGLCLLICV,1
GCIAKNKECAWFSGEWCCGALSCKYSIKRNLKICV,1
DLVQFGQMILKVAGRSLPKSYGAYGCYCGWGGRGK,1
GCGDINAACKSDCDCCGNSVTCDCYFTDCKCRESAIRKQF,1
DDLHPFNENNMYYGCKGLSNSNKFED,1
SLIEFGKMITEETNRPVFPYEATIVVCDCGNGNGS,1
NEVCPPGECQQYCCDLRKCKCINLSFYGLTCNCDS,1
FKSLTKYSPGRQN,1
IWLTALKFLGKHAAKHLAKQQLSKL,1
MTRTAVLLLTLLFLVAMAASDKIKTREVCWTEEECENWE,1
ITCCTRGTCAQHC,1
INLKALAALAKKIL,1
MSDINTTRLPFVFVASPPCVGDDIAMVLTRGENLC,1
ALCNCNRIIIPHMCWKKCGKK,1
GDCHKFLGWCRGEKDPCCEHLTCHVKHGWCVWDGTI,1
CKGQSCSSCSTKEFCLSKGSRLMYDCCTGSCCGVKTAGVT,1
IDWLKLGKMVMDVL,1
SLALAGTIIEGASLTFSVLTTILDALGSVSRKIDVGVYNE,1
AYDPDPYKRYSAEHTFFLL,1
SIKDKICKIIQAQCGKKLPFT,1
NVYQYRKMLQCAMPNGGPFECCQTHDNCYGEAEKLKACTSTHSSPYFK,1
FKLGSFLKKAWKSKLAKKLRAKGKEMLKDYAKGLLEGGSEEVPGQ,1
PDGRNAAAKAFDLITPTVRKGCCSNPACILNNPNQCG,1
RCLHAGAACSGPIQKIPCCGTCSRRKCT,1
ASGENQAELKLATHNVYML,1
MSDINATRLPIWGIGCDPCIGDDVTALLTRGEASLC,1
ECKTNKMSCSLHEECCRFRCCFHGKCQTSVFGCWVDP,1
LRNVEQQCRADALVERAQELIHGQQ,1
GKCGEINGSCDECYGGSVTCDCY,1
NNPPCCSGYVCEGVYCAVDV,1
DCLPCGHDVCC,1
LSKKQCGADGQFCFLPGLGLNCCSGLCLIVCVPT,1
MISMLRCIYLFLSVILITSYFVTPVMPCNCKAPETALCARRCQQHG,1
ADDINPKEECFFEDDYYEFE,1
QWPFQQWAPCTGHWDCPGDRCCFAGYCLETTPSCD,1
MSDINATRLPHLVRYPPYVGDGTDLTLNRGEK,1
CASQGQKCKTKSDCCNGMWCAGTRGHTCYKPK,1
DEEPKESCSDEMCVIYCKGEEYSTGVCDGPQKCKCSD,1
DVSFSLSGGGTASYEK,1
QGCCGEPNLCFTRWCRNNARCCRQQ,1
CSRSDGWCGKTEDCCCPMKCIKAWYKQNGNCQNTISAIWKNC,1
DECCAIPFCAKIFPGRCP,1
RYCPSGCRKKPYGGGCSC,1
ERGLPEGAECDGNESDCKCAGAWIKCRCPPMWHING,1
ADCLNEGDWCADWSGPSCCGEMWCSCPGFGKCRCKK,1
NCCPIDEESCCS,1
CQVVERGLDAKAKAAMLDAHNKARQKVANG,1
DDCTTYCYGVHCCPPAFKCAASPSCKQT,1
RCHFVVCTTDCRRNSPGTYGECVKKEKGKECVCKS,1
GCKGFLVKCDSNSECCKTAIVKGKKKQLSCLCGAWGAGCSCSFRCGNRC,1
NVCDGDACPDGVCRSGCTCDFNVAQRKDTCFYPQ,1
GCGGVCAYGESCPSSCNTCYSAQCTAQ,1
LICFNDFSPTARTLEYCQIGITTYNPS,1
MEKIANAVKSAIEAGQNQDWTKLGTSILDIVSNGVTELSKIFGF,1
LLCISCCVSITECCQLMSGCAVEIKS,1
QFTDVDCSVSKECWSVCKDLFGVDRGKCMGKKCRCYQ,1
CEDGGVPSASCRANTEDYRYCNACYLQEVIGK,1
MSDINTARLPVFSLPVFFPFVSDDIQAVLTRGESLC,1
QKCCSGGSCPLYFRDRLICPCC,1
ECKKLFGGCTTSSECCAHLGCKQKWPFYCAWDWSF,1
VTVVQYRSTNASSGYLNLRVYLLDTGLR,1
QAIGLPHTACIQCNRKTSSKCLSGQICLPYHMTCYTLYKPDENGELK,1
CGTNRAWCRNAKDHCCCGYSCVKPIWASKPEDDGYCWKKFGGC,1
LVKCRGTSDCGRPCQQQTGCPNSKCINRMCKCYGC,1
GTACSCGNSKGIYWFYRPSCPTDRGYTGSCRYFLGTCCTPAD,1
DLWSWGQMIQETGLLPSYTTY,1
DCTRMFGACRRDSDCCPHLGCKPTSKYCAWDGTI,1
DCLGFMKPCDINNDKCCSSYVCGRNNHWCKFHL,1
DSDCKDKLPACGEYRGSFCKLEKVKSNCEKTCGVKC,1
TCSNKGQQCGDDSDCCWHLCCVNNKCAHLILLCNL,1
RIKKPIFAFPRF,1
CKCPSCNFNDVTENCKCCIFRQP,1
TVKRSSKRGWWGPPSNCWVCTGFNKCCEHESHCMTFPTQYNRECK,1
QKECTGPQHCTNFCRKNKCTHGKCMNRKCKCFNCK,1
KIKWFKTMKSIAKFIAKEQMKKHLGGE,1
CQNECCGISSLRERNYCANLVCINCFCQGRTYKICRCFFSIHAIR,1
AKTGILDSDGPTVAGNSLSGT,1
CAKHSETCKNGNCCTCTQYRGKDEPMACRRGTHGQRCQCVMKIMKH,1
FCCPFIRYCCW,1
NCPAGCRSQGCCM,1
GVDKEGCRYLLGACTIDDDCCLHLGCNKKYGHCGWDGTF,1
NLLQFAFMIRQANKRRRPVIPYEEYGLYYM,1
GCCRFPCPDSCRSLCC,1
KAKCAEIDQDCKTSCDCCKGACTCY,1
SLCDKPHHNCIDGQTCYHTCCQNGLKCVRYP,1
GFFALIPKIISSPIFKTLLSAVGSALSSSGGQE,1
LLRRKSHDHAQNHDGDKCLRGASLGYYQSFLNQYKPQCILNKP,1
FDGRNTSANNKATDLMALPVRGCCSDPPCRNKHPDLCGGRR,1
SVDMVMKGIKLWPL,1
NYLHDTVGRLWGPSRAGLLDGLDWMVGDVQSR,1
CKPPGSPCRVSSYNCCSSCKSYNKKCG,1
MSDINATRLPLFFPPDFRPPCVGDADNFTLTRGENLC,1
SFYACTNGCWVKPGGGCQC,1
DENENLYGPNENKAKAKDLTAGASYLTKEAGCTKLQAGCTMYQAYN,1
MSDINATRVPAWLAECPCVGDDISHLLTRGEK,1
NLLQIGIMKRCANKRRRPVFHYRDYGCYC,1
IEAIRCGGSRDCYRPCQKRTGCPNAKCINKTCKCYGCS,1
FGSFIPCAHKGEPCTICCRPLRCHEEKTPTCV,1
TVIDVKCTSPKQCVPACKAAMGTVRAKCMNGKCKCYI,1
TCSIPYEYSNGKLKRTLYYSNGVYANSFTENN,1
IVRRGCCSDPRCAWRCG,1
EQLIKKDVKHKDKFAKKSECVRAAAAAFTGGDKS,1
VLFTPPELLGCGNRCSDDCCKWGRCQPGCTD,1
GCCHIIACRMGCSPCCW,1
FDDLMLLLCCRQGPVCFIPLNEWPCSRM,1
SCCARNPACRHNHPCV,1
SKCRIGKDGFYSVTCTEKENLCFTQF,1
MAQDIISTIGDLVKWIIDTVNKFTKK,1
GLPCDCHGHTGTYWLNYYSKCPKGYGYTGRCRYLVGSCCYK,1
GEDEYAEGIREYQLIHGKI,1
NFLEMLKENCKLLWKRQKQKFRIPMPESLCQILKKKKQ,1
GGCIKWNHSCQTTTLKCCGKCVVCYCHTPWGTNCRCDRTRLFCTED,1
DSRGTQLHRALRKATILSVSARCKLSGYRCKRPKQCCNLSCGNYMCG,1
IRCQGSNQCYGHCREKTGCMNGKCINRVCKCYGC,1
FDGRNAAPSDKASDLISLAVRGCCSHPACSGNNPYFCGGKR,1
GVIPKKIWETVCPTVEPWAKKCSGDIATYIKRECGKL,1
LCEKFKVQRLVELNCVD,1
ADSRKPDDRYDMSGNDALGDVKLATYEDNPWETFK,1
HECCKKGFCDPGCDCCDQ,1
TIIGAPCRKCEHLDRSGNCVRDWSCGQEV,1
FHPSLWVLIPQYIQLIRKILKSG,1
TWEECCKNPGCRNNHVDRCRGQV,1
CKSPGTPCSRGMRDCCTSCLLYSNKCRRY,1
GCCGSFACRFGCVPCCV,1
MSDINTARLPLSSPMLLPCVGDDILMV,1
SDGRDAAANDKATDLIALTARRDPCCSNPVCTVHNPQICG,1
GLKEWAMKKMCPIAVRLAKKCDGTLATKIKEICDNL,1
DDCGKLFSGCDTNADCCEGYVCRLWCKLDW,1
GGCCSYPPCAVSNPQHC,1
RHGCCKGPKGCSSRECRPQHCC,1
KPCCSIHDNSCCGI,1
MEWYPEAAANAERYTQIVWYK,1
GEPEVAKWAEGLREKAASN,1
IVIDVPCTVSKECWSACKKAVGTDRGKCMGKKCKCYP,1
MSDINGTRLPIPGLIPLGIPCVSDDVNPTLTRGER,1
ADVPGNYPLDSYGNCYPCTILGDNQYCI,1
GCKGFGKACKYGADECCKNLVCSKKHKWCKYTL,1
GCKGKYEECTRDSDCCDEKNRSGRKLRCLTQCDEGGCLKYRQCLFYGGLQ,1
GAPCLCANSGPNTRGNDLNGIVWVFGCPSGWHDCHGRAMVGYCCQED,1
MRCLPVFVILLLLIASAPSVDDNAKGTQHKRIINWCCLTFYQCC,1
RYGRSYAMSHMPMSRMGRKMYQNYMYRRMQATKMMQYH,1
EDGYLLNRDTGCKVSCGTCRYCND,1
LNLTKWLGKLGVILSHLNK,1
DQPVERHAENKRHLIPAVMRAMTMNADRRVQCCRIEFCDEDCGCCYH,1
GCTPEYCSMWCKVKVSQNYCVKNCKCPGR,1
GMGIGINLPPCIKNGEYCNPWTGSIILGGACCGTCTDYECH,1
VFCRFNGQQCTSDGQCCYGKCRTAFLRMICMGG,1
CCKQSCTTCMPCCW,1
MNLKTFCFFLLGIFVTLTVTVIPIANADAEADTFRGPCLKIKGYKC,1
SLVCDLECSAEVTTCCETGTCHGITTYNCVGGTEPET,1
EDCLGWFSRCSPKNDKCCPNYKCSSKDLWCKYKIW,1
AEKDCIAPGAPCFGTDKPCCNPRAWCSSYANKCL,1
FDGRNAAGNDKMSALMALTTRGCCSHPVCSAMSPICG,1
KVPAYCKLPPDSGPCKGHFPAFYYDPVSSYCQKFI,1
DPCYEVCLQQHGNVKECEEACKHPVEY,1
LTLDRASDDTDVAAEIMSGLIALAIDSCCSDSDCNANHPDMCS,1
AEDSRGTQLHRALRKTTKLSLSIRCKGPGASCIRIAYNCCKYSCRNGKCS,1
APVPGLSPFRVV,1
SSLHCGDDPWCPTGCCENEDCDIGCKRDWEKSRSQP,1
MCIPCFTTNPNMAAKCNACCGSRRGSCRGPQCIC,1
QGDRDQPADRNAVPRDVNPGRARRKLMKVLRESECPWKPWCG,1
DVTFSLLGANTKSYAAFITNFRKDVASEKK,1
MSDINATRLPHPFPLGLQPCAGDVDNLTLTKGEG,1
FLGALLKIGAKLLPSVVGLFKKKQQ,1
MQKLAEAIAAAVSAGQDKDWGKMGTSIVGIVENGITVLGKIFGF,1
MSGIVEAISNAVKSGLDHDWVNMGTSIADVVAKGADFIAGFFS,1
DLLTTIKRVKESMKRRT,1
SLVQFEKMIKEVAGKNGVPWY,1
GCCSPWNCIQLRACPCCPN,1
GVKEKLLAVLRKACPVIEKLAKKCHGTVATLKKACSLIH,1
ADCSATGDTCDHTKKCCDDCYTCRCGTPWGANCRCDYYKARCDT,1
GLKDWWNKHKDKIVEVVKDSGKAGLNAA,1
MKLTYVLIVAMLVLVVCRADCFGRGGLCTWFDPSVCCSGICTFVDCW,1
GIWGTLAKIGIKAVPRVISMLKKKKQ,1
GVPCKCGSKKGVYWFGQITGCPGGHGYKGSCNYLLGK,1
KGGYPVDSKGCKISCVINNEYCSRDCTSGYCYFLRWGLACWCDGVPPQR,1
ACAGLYKKCGKGVNTCCENRPCKCDLAMGNCICKKKFVEFFGG,1
GLCCPMRWSSSEG,1
ALKCQGWVDYCNGNVECCNECVMY,1
FLNPFRWVINKYREWKNKKDS,1
CCAIRLCNVYLCGSCCP,1
MCMPCFTTRPDMAQQCRACCKGRGKCFGPQCLCGYD,1
EGECGGFWWKCGSGKPACCPKYVCSPKWGLCNFPMP,1
AACYSSDCRVKCRAMGFSSGKCIDSKCKCYK,1
NIVDVPCRDDYYRDSSGNGVYDQLGGCGAA,1
SCVDFQTKCKKDSDCCGKLECSSRWKWCVYPSPF,1
DRDSCVDKSRCQKYGPYGQCTDCCKKAGHTGGTCIYFKCKCGAESGR,1
GASCRCDSDGPTSRGNTLTGTLWLIGRCPSGWHNCRGSGPFIGYCCKQ,1
NWSWCSGSGEGCDYHSECCGERCCIESMCIGDGVACWP,1
KSCCKNTLGRNCYNTCRFMKKPRKTCSGLCGCKIS,1
GLIKPGTLWCGMGNNAETYDQLGPFADVDSCK,1
DGCPPHPVPGMHPCMCTNTC,1
SDNEFPSGCIEFGKECDLDKGNCQCCRRNGYCSCAVN,1
KECMTDGTVCYIHNHNDCCGSCLCSNGPIARPWEMMVGNCMCGPKA,1
KFGKVLKFLAKTLAKHLAKKQAQS,1
ECCRYVDCRRGCTPCC,1
ASDVTLNSFAEDVTVGECCDCVDLTTVY,1
DCLKFGWKCNPRNDKCCSGLKCGSNHNWCKLHI,1
CHHEGLPCTSGDGCCGMECCGGVCSSHCGNGRRRQVPLKSFGQR,1
YRRRQCPPWCSGEPCRKGTC,1
HQKYNPFRFVELVLVVDKAM,1
YGNFPTCSETGEDCSAMHCCRSMTCRNNICAD,1
GKFSVFGKILRSIAKVFKGVGKVRKQFKTASDLDKNQ,1
AKEKEVTFQSGGPT,1
FINTIKLLIEKYREWKNKQSS,1
GIKDYLKKLLQKAINKIKSLRKKQDA,1
GCTKFMGSCKTDADCCEHLECYKYKWCGWDGTF,1
DGANAEATDNKPGVFERDEKKCCWNRACTRLVPCSK,1
SYGISSGCFGLKLDRIGTMSGLGCWRLLQDSP,1
GNCKCDDEGPYVRTAPLTGYVDLGYCNEGWEKCASYYSPIAECCRKKK,1
KDGYLMGADGCKLCVLTAPYDYCACE,1
GFGTILKALAKIAGKVVKKLATKPGATYMLKENLK,1
FLPLLILGSLLMTPPVIQAIHDAQR,1
GGCRYFLGGCSEHSDCCEHLRCKMGLNYCAWDGTF,1
TSCNAATGRSPGCFCNNDNNCRDTCCPRSDTEKKCTGGPDPCPPRQWPD,1
IACAPRGLLCFRDKECCKGLTCKGRFVNTWPTFCLV,1
FDGRNAAVNERAPWMVVTATTNCCGYTGPACHPCLCTQSCG,1
SLIQFETLIMKVAGQSGMFSYSA,1
MFDTNATRLPIWGIGCNPWTAEHVDQTLASGNDIC,1
CNSKGTPCTNADECCGGKCAYNVWNCIGGGCSKTCGY,1
RCCGYKFCYIC,1
GNYYGYCRVHLNTAY,1
GFGMLFKFLAKKVAKKLVSHVAQKQLE,1
ARTQPGNIAPVGDFTLYPNAPRQGHIVA,1
GTPCKCHGYIGVYWFMLAGCPNGYGYNLSCPYFLGICCVKK,1
AGSMDSCSETGVCMKACSERIRQVENDNKCPAGECICTT,1
CCELPCHGCVPCCWP,1
QNAHPSPKVPP,1
ASCTERKHDCTKDRHSCCRG,1
MSLILIFFAFTVLKSSKWICANRSVCPI,1
SCLSSGALCGIDSNCCNGCNVPRNQCY,1
QKCCTGKKGSCSGRACKNLRCCA,1
GKCGDINAGCSSDCDCCGSSVTCDCAIRKKF,1
AACLGMFESCDPNNDKCCPNRECNRKHKWCKYKLW,1
KSPPQALNKPLPAPSAPSL,1
CCDWDWCDHICTCCGG,1
TVSDPPARPAVFHSREELMNYVRELNRYFAIVGRPRF,1
VVLGPASDGRNAAANVKAPDLIALTVRNDCCHNAPCRNNHPGICG,1
MKTIELITIFAMITTLMVTVVAGDPIDPKVLESLVGK,1
ERDSCVEKSKCGKYGYYGQCDECCKKAGDRAGTCVYYKCKCNP,1
SLGGKPDLRPCHPPCHYIPRPKPR,1
YCQKFLWTCDTERKCCEDMVCELWCKYKE,1
SETDSRKEGRMGQKNAVIRQWCENDCNYAPK,1
FVNTIRLLINKAREWNNKQSS,1
DDETTFPCNSGRCACLPEDSHSYTCQSP,1
IACAPRFSLCNSDKECCKGLRCQSRIANMWPTFCSQ,1
SCSCKRNFLCC,1
VSTSRGSQGCFGLKLDRIGAASGLGCWRRIVDS,1
NLVQFELLIMKVAKRSGLLSYSA,1
QGGAPWNPIPP,1
LKCKNKVVPFLKCKNKVVPFLCYKMTLKKVTPKIKRG,1
ADNRRPIWVMLLSSYWQDGNSLGVDAIMTNYPEDVK,1
LFERYAENKQDLSPDERMGFILSALRQQECCVYPFCDGGCYTCQDSCE,1
GLYCCQPKPNGQMMCNRWCEINSRCCGRR,1
MSDINATRLPIFWFIYFPCVGDNVDNTLTRGER,1
LDGRNAAADFETSDLLAMTIRGGCCSYPPCIANNPLCGGKR,1
ACQGYMRKCGRDKPPCCKKLECSKTWRWCVWNPWE,1
SECRWFMGGCDSTLDCCKHLSCKMGLYYCAWDGTF,1
RQDMVDESVCYITDNNCNGGKCLRSKACHADPWEL,1
AGCKYLFGSCKEDSDCCKHLGCRRKAPQYCGWDGTF,1
PAWLVDCPCVGDDVNFILTRGQK,1
NWRKILGQIASVGAGLLGSLLAGYE,1
EDCIPKWKGCVNRHGDCCEGLECWKRRRSFEVCVPKTPKT,1
QTCVSCVNFGNGFCGDNCGNSWACSGC,1
VDACYEACMHHHMNSDDCIEACKNPVPP,1
VVGGAECKIDGHRCLALLY,1
NIQIICCKHTPACCT,1
DNSCTPKPSCFF,1
GVCCGVSFCYPC,1
ACSRAGENCYKSGRCCDGLYCKAYVVTCYKP,1
HFIDVKCTTSKECWPPCKAATGKAAGKCMNKKCKCQ,1
APPGFTPFRSKAV,1
SNSLFEEVRPIVNGMDCKLG,1
GEEERKAMAELEAKKAQEALKA,1
IDPLTILKILKGGLKSICKHRKYLDKACASIGQ,1
LICYNTPFKDISKTCAEGENLCYYGKKDAVWNLYPIRGCAD,1
CCGVPNAACPPCVCNKTCG,1
SGSKTAEIGDGCFGVPIDHIGSTSGMGCGRPRPKPTPGGS,1
DLRQCTRNAPGSTWGRCCLNPMCGNFCCPRSGCTCAYNWRRGIYCSC,1
PRGSPRTEYEACRVRCQVAEHGVERQRRCQQVCEKRLREREGRREVD,1
SIVLRGKAPFR,1
SDGRNTAANDKASDLMALRDGCCSNPSCSVNNPDICGGGR,1
YYICESCWTCESCAGSTESSCVSACNACDLCPNK,1
ARCEQCPSYCCQSDSPPECDGCE,1
NPASCCSCADVDPGRASRKTPKGEDQVFIKEKDRC,1
TCKQKGEGCSLDVECCSSSCKPGGPLFDFDC,1
CGPCFTKDPETEKKCATCCGGIGRCFGPQCLCNRGY,1
ESIVRPPPVEAKVEETPE,1
SCSSGCSDCNSDSCQCTLNQFTNSDSCCC,1
GLIDVRCYDSSQCE,1
DVTFSMLGANGATYYQFF,1
CNGRDVPCDPDPAKNRRCCSGLECLKPYLHGTWYQDYCYYVEK,1
LKLKDILGKIKVILSHLNK,1
QQWPRDPAPIPP,1
RWDVDQCIYYCLNGVVGYSYTECQTMCT,1
NYCVAKRCRPGGRQCCSGKPCACVGKVCKCPRDNS,1
GVIELTKMIVQEMGKNALTSYSL,1
INWLKLGKKVSAIL,1
SGSKIGNGCFGLPLDRISNTSGMGCRNPIQNRPKSTPGGS,1
QGPSPRHPIPP,1
EVDMRCKSSKECLVKCKQATGRPNGKCMNRKCKCYPR,1
GHVPCGKDGRKCGYHADCCNCCLSGICKPSTSWTGCSTSTFLLTR,1
GPPCCLYGSCRPFPGCYNALCCRK,1
KQCTSNMCSADCSPGCCIIDKLEWCTCDC,1
ACLGFGKSCNPSNDQCCKSSSLACSTKHKWCKYEL,1
DKNKKPIRVGGRRPPGFTPFR,1
DQSCPWCGFTCCLPNYCQGLTCTVI,1
RRSLTRRVPEECEESCEEEEKTCCGLENGQPFCSRICWG,1
GAYFDGFDVPCVPRRDDC,1
CFPPGIYCTPYLPCCWGICCGTCRNVCHLRIGKRATFQE,1
AVQLLEVNPEIAQNS,1
LVSVSPAFNGNYFVE,1
EVRPFPEVYERIA,1
NCIGEQVPCDENDPRCCSGLVVLKKTLHGIWIKSSYCYKCK,1
SKQCCHLAACRFGCTPCCW,1
ATPFGGSSYEGH,1
QNGPRPIGIPP,1
VKRCCDEEECSSACWPCCWG,1
GCIPSFGECAWFSGESCCTGICKWVFFTSKFMCRRVWGKD,1
ACVPVYEECGTPKKRCCEERPCK,1
NSEDGSPYPGPGQQPNCCKWPIVTCCNR,1
LPPCCTPPKKHCPAPACKYKPCCKS,1
KSCCRNTWARNCYNVCRLPGTISREICAKKCDCKIISGTTCPSDYPK,1
ECKYLWGTCEKDEHCCEHLGCNKKHGWCGWDGTFG,1
SCCNAGFCRFGCTPCCY,1
MSDINVIRAPLLILSILPCVGDDIEVLRRGEGLS,1
SFCIPFKPCKSDENCCKKFKCKTTGIVKLCRW,1
GDWGTCSWPGQECEHDSDCCGSFCCVGRRCLHIYFPCNLSRS,1
EDCIAVGQLCVFWNIGRPCCSGLCVFACTVKLP,1
KSTSCMEAGSYCGSTTRICCGYCAYSASKNVCDYPSN,1
SDGRNAGADRKGFGLISQMFKLSCCADPACKHTPGC,1
ACGPGCSGSCRQKGDRIKCINGSCHCYP,1
FIGAALGALTAIPSIIKLFK,1
SCNNSCQQHSQCASHCVCLLNKCRTVN,1
NERHVTCFYVKFGCKHTECITTIVFCWQTASDISSV,1
GVPCSCRGKSGTYWSAGKCPGEHYTTYCNNLIG,1
RKRHPDCDKAADTRI,1
DCCYGRVNGCNPKMADKNYE,1
MDFIIDIIKKIVGLFTGK,1
KSCCPTTTARNIYNTCRFGGGSRPVCAKLSGCKIISGTKCDSGWNH,1
GCIGRNESQKKDNVYKFKE,1
ACCVYKICYPC,1
IFINVKCSLPQQCLRPCKDRFGQHAGGKCINGKCKCYP,1
IDCCEICCNPACFGCLNDANGLINGDRPIRAQHVC,1
TCLEIGEFCGKPMMVGSLCCSPGWCFFICVG,1
GWKDWLKKGKEWLKAKGPGIVKAALQAATQ,1
EACAGAYKSCDKVKCCHDRRCRCNIAMDNCVCKLFYCELFGTCDRLKP,1
GCCGPYPNAACHPCGCKVGRPPYCDRPSGG,1
ECRYWLGGCSAGQTCCKHLVCSRRHGWCVWDGTFS,1
DCLGWMAGCDFNDNKCCAGYVCKKHPWCRYDL,1
GYCAEKGIRCDDIHCCTGLKCKCNASGYNCVCRKK,1
GCWICWGPNACCRGSVCHDYCPS,1
CCAFPQWCGAGCIVPCC,1
ACKPKNNLCAITEMAECCSGFCLIYRCS,1
GNWCCSARVCC,1
DCCPCPAGAVRCRFACC,1
NLIQFSNMIQLDRCCETHDNEAEKKGCYPKLTLY,1
LKDGYPTNSKGCKISGCLPGENKFCLNECQ,1
AGTKEWLNKAKDFIKEKGLGMLSAAANAALN,1
GLLGGLLGPLLGGGGGGGGGLL,0
DFPIANGERQSPVDIDTKAVVQDPA,0
CPAIQRCCQQLRNIQPPCRCCQ,0
NLYQFKNMIQCTVPS,0
KPENENEEALHE,0
QDKPFWSPPIYPV,0
QDKPFWDPPIYPV,0
QGIGVGDNDGKRGKR,0
NALFILGNIGNNDVNYAFPDRAIEEIRFYVPFITEAVANATREIIR,0
LDSLSFSYNNFEEDD,0
MNNTEFYDRLGVSKDASQDEIKKA,0
SHGSHETDEEF,0
MDYETDTDTELVTETLVEEVSIDGMCGVY,0
DLARNLGLVDIDDEYDEDSDKEKPIFNV,0
IRTHTLPCKCPICGKAFSRPWLLQGHTTHHTGEKPFSCQHCNRAFA,0
MRLHTGEKPYHCTHCERQFVQVANLRRHLRVHTGERPYACELCTSK,0
MKTISRQAYADMFGPTTGDRLRLADTELFL,0
QVYWRHPGEYGKEDVLICHVSNFHPPDITITLLKNGE,0
MAQRKIALACSVCGSRNYTITASATRTKRLEVMKFCKFCGKHTLHRETR,0
MKVRPSVKKMCDACRVIKRNGRTMIICSANPKHKQRAGK,0
MRNISLTTTIITTTDTTGNGAG,0
MKVRPSVKPMCEHCKVIKRHGRVMVICPANPKHKQRQG,0
MKVRPSVKPMCDQCRVIKRNGRVMVICSANPKHKQRQGK,0
MADQLTEEQIAEF,0
MSIADLKSRLIKASTSKMTAEL,0
MDGTAFFFTIFVWFLLISVTGYSIYVGFGPTSSALRDPFEEHED,0
MLILKSFVYTVVASFVSLFIFGFLSNDPGRRPGRKRI,0
MKKRASVRKICQKCRLTRRRGRIRVICSNPRHKKRQG,0
MRDLKTYLSVAPVLSTLWFGALAGLLIEINRFFPDALTLSL,0
MTTFHFPSIFVPLVGLVFPAIAIASLFLHVQKNKIV,0
MDNPAFFFTIFLWFFLLSITAYSIYVGFGPPSKRLRDPFEEHED,0
TQRLANFLIHSSNNFGAIFSPPN,0
MNSEKQSRQWAHGADMVVGQLEAQGVKQVFGI,0
MTILNSFPSIFVPLVGLVFPAMAMASLFLYLEKNKIL,0
MRNLKTYLSVAPVVSTLWFGSLAGLLIEINRLFPDALIFPFFSL,0
MKRTYQPSVTKRKRTHGFRARMATKNGRAVLARRRAKGRHRLCP,0
MKVRASVKKICRNCKIVRRNGVVRVICSDGRHKQRQG,0
MKVRSSIKSLKNRHRDCQVVKRRGRVYVINKTDPRFKARAG,0
MKRTFQPKNRQRKREHGFRARMASAGGRKVLANRRKKGRKSISA,0
MKVKPSVKPICEKCKIIKRKGKVMVICENPKHKQVQG,0
MLTLKILVYTVVSFFVSLFIFGFLSNDPGRNPNSKDFE,0
MSNTTTGRIPLWFVGMVGGLAALGLLAIFFYGSYVGLGSSL,0
MARFPEAEARTLNLQICRKCNARNALRATRCRKCGYEGLRPKKKELKK,0
MTQRTLHGTCRKRRRVSGFRVRMRTRNGRAVIRARRKKGRERLAVY,0
MELAMLLAKLPEAYSVFNPLVDVLPVIPVFFLLLAFVWQAAVGFR,0
MMSEPGRIPLWLVALVAGTGVLVVVGLFFYGSYVGVGSSL,0
MQDLLKYLSTAPVLATVWMIITAGILIEFNRFFPDLLFHPM,0
MKIRNSLKALKGRHRENRMVRRKGRIYIINKSNPRYKARQG,0
MTILNNLPSIFVPLVGLVFPAIAMASLSLHVQKNKIF,0
MRVKVTLACTECKQRNYNTTKNKKNNPDRIELQKYCRFCKKHTTHKETK,0
MGKKSKAKKKRLGKLEKQNSRVPAWVMLKTNMEVTRNPKRRNWRRSDTDE,0
MQDFTKYLSTAPVLSALWFAILAGLLIEINRFFPDALLFPFG,0
MSNTGTTGRIPLWLVATVAGLAVIALLGVFFYGSYSGLGSSL,0
MDIVSLGWAFLMVVFSFSLSLVVWGRNGL,0
MKVRASVRKICEHCRLIRRRRKVMIICFNPKHKQRQG,0
MEALVYTFLLVGTLGIIFFAIFFREPPRIIAKTKK,0
MEVNILAFIATALFIIIPTAFLLILYVKTASQSDS,0
MKRTYQPNRRKRAKTHGFRKRMSSVGGRRIIAARRRRGRKRLAV,0
MKVRSSVKKICTKCRLIRRKGTVMVICTNPKHKQRQG,0
MLTLKVFVYTVVTFFVFLFIFGFLSNDPARNPGKGNLD,0
MESMYLILAKLPEAYAPFDPIVDVLPIIPIFFLLLAFVWQASVSFR,0
MPIITSYFGFLLTALTIASALFIGLSKIRLI,0
MTTLNFPSVLVPLVGLVFPAIAMASLFLHVQKNKIV,0
MKVRTSVKTLCRNCKIVKRHGIIRVICSSDPKHKQRQG,0
MRVNITLECTECHEQTYLTSKNKRNNPDRIELKKYCPRDHKVTLHRETK,0
MKKSLWLWGFTDSAETWNGRFAMIGFISVIFIEVVTGQGLLYLIGMMS,0
MVGEIVESAVLSSVLVLVGLAIGFLLLKVQGE,0
MTNTGTTGRIPLWLVGTVVGTLALGLVALFFYGAYHGLGSSL,0
MKVRASVRKICKDCRLIRRKRRVMVICSNPKHKQRQG,0
ISILASLSTFQQMWISKQEYDESGPSIVHRKCF,0
MRVGITLACTECKNRNYASIKNKKNNPDRLEVKKYCKFCKSHTAHKETK,0
GAVGEIQILLNNIASQLNGDQKKADKV,0
QTLELEKEFHFNRYLTRRRRIEIAHALCLSERQIKIWFQNRRMKWKKDN,0
MARFPEAEARLLNVKICMHCNARNPVRAVSCRKCGYVHLRPKNKDRKA,0
MKVMGSLKSAKSRDRDCKIVRRKGRVYVINKKKPRFKARQGY,0
MKRTFQPSRIVRKRRHGFRARMSTKWGRRILNRRRAQGRSILCA,0
MLLLKISVYAVVIFFVGLFVFGFLSNDPSRNPNRRDLE,0
MIEPILLGIVLGMVVVTLAGLFVAAYRQYQRSNKIGL,0
MRVGITLACTECKRRNYISTKNKKNDPDRIELKKYCSFCGRHTVHKETK,0
MKRTYQPSNLVRKRRHGFRSRLATVGGRRVLANRRAKGRKRLSA,0
MKRTYQPSKLVRARRHGFRARMATVGGRKVIANRRRQGRKKLSA,0
MKIRNSLKSAKLRDKNCRIVRRKGRVYVINKTNPRFKARQG,0
MKRTYQPHNRPRKSTHGFRARMATKNGRNVINRRRAKGRKKLSV,0
MREAIHLGCEKCTRRNYHTTKNKKTHTEKFSVKKYCKFCREHTLHKEMKL,0
MKVRSSVKKISPDDQIVRRRGKIYVINKKRPRNKQRQG,0
MEPTQTINLIALSLIVVVHAGVLALRLGISLGRN,0
MFKLFSTKYMRSAPVVAAAWITMTAGIIIEFNRFFPDLLFHPMS,0
MTKRTLEGTNRKRKRTSGFRARMRSATGRRVIKARRSKGRARLAV,0
MDGLKRYLSSAPILATIWFAITAGILIEFNRFFPDLLFHPL,0
MSASYLPSILVPLVGLVFPAITMVSLFLYIEQDEIV,0
MLTLKLFVYTVIIFFVSLFVFGFLSNDPSRNPGRKE,0
MLTIISYFGLLLATLTFTIVLFVGLSKIQLI,0
MVEPLLSGIVLGMIPVTLAGLFVTAYLQYRRGDQLDL,0
MDIISIGWVSLMVVFTFSISLVVWGRSGL,0
MNLEVVAQLTALAFIVLSGPLVIALLAFRKGNL,0
MSNVGTSGRIPLWLVGTVAGILVLGLVGLFFYGSYVGLGSSL,0
MTTKRTFQPKKRHKERVHGFMKRMNTKNGRKVLARRRAKGRKVLSA,0
MKVRASVKPICSKCKVVRRKGIVRIICENPKHKQKQG,0
MADIITLACTECKQRNYTTTKNKKTKPERLEFNKYCRFCRKHTPHRETK,0
METVLSAPEVFIALVVAAHAAVLALRLSISLYEA,0
METSSPALSVALGVMAVVLGLTGFGVYQAFGPPSKELDDPFDDHED,0
MASEIFGTAAIFWVLIPIGLVGGALLLKLEGD,0
MERNTNPNNLPVELNRTSLYLGLLFVFVTGVLMSSYFFN,0
MQDIKTYLSTAPVLTTLWFGSLAGLLIEINRLFPDALSFPFFSS,0
MIDLNFPSIFVPLVGLVFPAIAMASLSLYVQRNKIV,0
MKVLSSLKSAKQRAGCQVVKRKGRVFVICKENPRFKAVQGMKKK,0
MASFEEAEERILDKMICMRCNARNPKRADSCRKCGYKKLRPKAKERRAA,0
MKRTFQPKNLKRKRTHGFRARMRTQGGRAIINRRRAKGRKRLTA,0
MKVRASVKKVCRHCKVVRRKGVVRVICKDARHKQRQG,0
MESVAYILILTLAIGVLFFAIAFREPPRIEKKEEK,0
MKVRASVKKICEKCNVIRRRGRVMVICVNPKHKQRQG,0
MTPSLSNFLWSLAWGTLIVVIPATVGLIFISQKDKIQRS,0
MTTLLLAKLPEAYAPFDPIVDVLPVIPLLFLLLAFVWQASVSFR,0
MAASFLPSILVPLVGLIFPAIAMTSLFIYIEKQEVN,0
FRGHAKGDKKNQKK,0
MAVKDYYKVQGDSVTRIKQFCPRCGPGTFLADHKNRLTCGKCGYTEFKK,0
MALNLQDKQAIVAEVSEVAKGALS,0
GHAKGDKKVSKK,0
MKVQPSVKRICRNCKVIRRKGVVRIICKDPRHKQRQG,0
MKVKPSVKRICAKCRVIRRHGKIRVICEDPRHKQRQG,0
MKKVPLNCEVCGNRNYNVPKQSNLASRLELKKYCPRCNAHTLHKESK,0
MRVNVTLACTECGERNYITTKNKRTNPERIEMKKHCARDNKHTMHRETK,0
MKVRSGVKKICKKCTIIKRKGVNRVICEIPKHKQRQG,0
MKVRASIKKICKDCKIIKRRSINRVICLIKKHKQRQG,0
MDLLSLGWSSLMVMFSFSLALVVWGRNGF,0
METATILSIFILGLLLGVTGYSVYTAFGPVSKGLRDPFEEHEE,0
MDVNFLLSALPEPYAAFRPIVDVMPAIPVFFLLLAFVWQASVGFR,0
MKVLSSLKEAKNRHRDCQIVKRRGRIYVICKSNPRFKARQGGAKNRNKG,0
MTTLTTLPSIFVPLVGLVFPAIAMASLFLHVQKNKIF,0
EKGFGFLTQNNGGADVFVHFRAIASEGFKTLTEGQKVSFDVEQGQK,0
FHGHTKDSKKNIKK,0
MDGLKSFLSTAPVMIMALLTFTAGILIEFNRFYPDLLFHP,0
MELLAALNLEPIFQLTFLGLIVLAGPAVVFVLAFRGGDL,0
MKVKGSLKSHRNRDKNCKVVKRGGRIYIINEIKPRCKTRQGS,0
MKKVPLNCENCGNRNYNVPKKEGSATRLTLKKYCPRCNAHTVHKESK,0
MAGGGRIPLWIVATVAGTGALVVVGLFFYGAYAGLGSSL,0
MRVQASVKRLCRNCKIVRRKGVVRVICIDPRHKQRQG,0
MDIVNIAWAALMVVSTFSLTLVVWGRSGL,0
MANTTGRIPLWLIGTVVGTPVISLVGIFSYGSYSGLGSSL,0
MASFETASDRLLNKQICMRCNARNPQRAQQCRKCGYGNLRPKAKETRSA,0
MGKPTFQPNNRKRKKNHGFRARMATKNGRKVLARRRQKGRKVLSA,0
MRVQVTLACTETGDRNYITTKNKRTNPERIELKKYSPRLKRHTLHRETK,0
MRVKITLACTETGDRNYITTKNKRTNPDRLELKKYSPRLKRHTIHRETK,0
MAKRKANHVINGMNNAKRQGNGAGYIENDQHILTEAERQNNKKRKTNQ,0
MKRTFQPSNRRRARNHGFRSRMSTRAGRSILAARRRKGRVNLSA,0
MISDSQIFVALLFALVSAVLAIRLGTDLYQ,0
MKVRASVKKICDKCRVIRRNRKIIIICNNAKHKQRQG,0
MNNNLLKYLSTIPVVGAIWLTFTAGFIIEINRFFPDILSLSL,0
MQVLSSLRSAKNRHKDCIVVRRRGRVYVICKSNPRFKAVQGGKKKKG,0
MKIKNSLKALRERHRNNRMVRRKGRVYILNKTNPRFRARQG,0
MAGLKRKFNKGHAFTSKCVSLVKEQRARLYILRRCATMLCCWYIHGDE,0
MKRTYQPKKRKHAKTHGFRSRMATKNGRKVLKLRRLKGRYQLTVSDK,0
MARDGITLRCEECKMENYITKKNKKLHTEKLETKKFCPKCNSHVTHKEKK,0
MKVKASIKADPSKGDILVRRSGRLYVINKKDPNRKQRQKGPARKK,0
MKRTWQPSKLKHAGVHGFRARMATENGRKVIKARRAKGRVRLSA,0
MAKGKRTFQPNNRRRARKHGFRIRMRTRAGRAIVAARRNKGRKSLTA,0
MLLLKHGTIEILDQKTMYGWYELPKQEFLNGEQPEPITHYIKQFPLMK,0
MEPATLITIFLSCFLVGVTGYALYTAFGQPSKELRDPFEEHED,0
METGILIVIFISCLLVSFTGYAVYTAFGQPSKKLRDPFEEHED,0
MEALVYTFLLVSTLGIIFFAIFFREPPKVPDRGSK,0
METAALVAISISRLLVSFTGYALYTAFGQPSEQLRDPFEEHED,0
MRVNITLACTECGDRNYISKKNKRNNPERIELKKYCPRLKRVTLHRETK,0
MKVRTSVKPICDKCKVIKRNGIVRIICTNPKHKQRQG,0
MPQMIPFFFMNQLTYGFTFILTILFLTSYVFLPMILRLYISRLYISKL,0
MARYRRCRSQSRSRCCRPRRRCRRRRRSCRARRRATRCCRRRYRLRCRRY,0
EDTGTFEEGHGGVR,0
MKNTNPNSQPVELNRTSLFLGRLLIFVLGILFSSYIFN,0
QRTNDFIKACGRELVRVWVEICGSVSWGRTA,0
TDTKESDFLAEGGGVR,0
TDGKEGEFIAEGGGVR,0
TKTEGSFLAEGGGVR,0
TKDEGTFIAEGGGVR,0
MKVRASVKPICEKCRVIRRKGRVMVICENPKHKQRQG,0
MIEPLLCGIVLGLIPVTLLGLFVAAWNQYRRGGSALGG,0
MTPSLSNFLSSLVWGGLIVVVPATIGLILISQTDRLDRKL,0
MLKIFNTKFIRSAPVVAAVWLSLTAGIIIEFNRFFPDLLFHPMS,0
MASEIFGTAAIFWVLIPAGLLGGALLLKLQGE,0
MEAFTYTLLMTLGVVTLFFAVAFRDPPKFDK,0
MAVPKRRVSKTRAAKRRSHYKIALAKPIKDKDGSWKMPHHINKFTGSYK,0
MKVRASVRKMCQHCFIIKRRNVIRVVCRVTPKHKQRQG,0
MKRTYQPSVLKRNRTHGFRLRMSTQNGRQILSRRRAKGRIRLIVSS,0
MGNNKKNGQPQYAPSHLGTKPVKYKANKGEKMHDTSGQRPIIMQTKGE,0
MVRNKEKGFPYENENKFQGEPRAKDDYASKRADGSINQHPQERMRASGKR,0
MTDLNLPSIFVPLVGLMFPAIAMASLSLHIQKNKII,0
MKVKPSVKKICGVCKVIRRNGRVAVLCSNPRHKQRQG,0
MDIVNIAWAALMVVSTSSLSPVAWGRSGL,0
MNLEIIAQLTVLALIIASGPLVIALLAARKGNL,0
MTASYLPSILVPLVGLVFPAITLASLFIYIEQDEIV,0
MQHVKIYLSTAPVVATIWFGLLAGLLIEINRFFPDALLFPFP,0
MTASYLPSILVPLVGILLPAVTMASLFLYIERDEIL,0
MSGPNPNKQPVELNRTSLYWGLLCIFVLAILFSSYFFN,0
MNLKKYLSTAPVVATLWLFLTAGILIELNRFFPDSLFY,0
MNMLIAQLPETYSIFAPVIDILPVIPILFFLLAFVWQASVGFR,0
MKPPNPTNPNDQNVELNRTSLYWGLLLIFVLAVPFSNYFFN,0
ERHVGRKSTNNLNLTCQWGTCNTTTVKRDHITSHIRVHVPLKPHKCD,0
MAQKKVALACTVCGSRNYTIDANPNRTDRLEVKKFCKYCGKHTLHRETR,0
MALKKASLACAVCGSRNYSIKISGNPKPTRLEVNKFCKHCGKYTTHRETR,0
MKVRTSVRKLCRNCKIVKRNRVIRVLCSVDAKHKQRQG,0
MEPATVLSIALAAVCIGVTGYSIYLSFGPPSKELADPFDDHED,0
MDIITLGWVGVLSVFTLSIAFVVWGRHGM,0
MPTRSTNPNKQPVELNRTSLFLGLLLVFVLGILFSSYFFN,0
MFDDQDLGFFANFLGIFIFIMVIAYHFVVAEPKFE,0
MKVQASVRKICENCRLIRRRRRVMVVCKNPKHKQRQG,0
MEVNILAVIATALFVLIPTAFLLILYVKTESAGS,0
MSEGGKIPLWIVAVVAGMGVIAVVGIFFYGAYAGVGSAV,0
MKIRASVRKICEKCRLIRRRKRIMVICFNPKHKQKQG,0
MLTLLSYFGLLLAALISTLVLFIGLNKVKLI,0
MEVNILAFIATALFISIPTAFLLIPYVQTATQSN,0
MTWELIAQLTFLTSIIVSGPLVIALLAIRKGNL,0
MLTLKLFVYTVVILFISLFVFGFLSNDPGRNPGRKE,0
MARYRCCRSRSRSRCRRRRRKCYRRRRRCSRKRRRRVCCRRYTVMRCRRR,0
MARYRCCRSRSRCRRRRRSCRRRRRCRRRRARRSCRRRYSLRCCRRY,0
MQVNDLGFVASILFVLVPSVFLIILYIQTASREGKKDS,0
MKVRNSLRALKARPGAQVVRRRGVTYVINKKDPRFKARQG,0
EASGETFVAENDACKCGSDCKCNPCTCK,0
MFMTYQPKKKQRKKEHGFRKRMSTLSGRKVLKRRRLKGRKRLTA,0
MKRTYQPSKLVRKRRHGFRARMATKGGRGVVAARRNRGRKRLSA,0
MSKRTYQPNKRKHAKTHGFRARMATKKGRLVLASRRAKGRKQLTVSDK,0
MLSWLKGHKRYCRFKDCTCEKCILIIERQRV,0
METANLVTISISCLLVSLTGYAIYTSFGRPSEQLKDPFEDHED,0
MEALVYTFLLVSTLGIIFFAIFFRDPPKVPNEGRK,0
ILKKDNYSYISFYNALIHEGYKDLAALLHSGIPVISSSNGGKDSVGGITS,0
MAWNTPKVTEIPLGAEINSYVCGEKK,0
MIDDQDLGFIANFLGIFIFALVIAYHYVTADPKYEAT,0
MFSINFLGLLPEAYAPFDPIVDVLPIIPLLFLLLAFVWQSSVRFR,0
MNIELIVQLTSLILISIAGPIIIALLFVKQGNL,0
MNLELVVQLGSLLLITVAGPLIVFFLFIRQGNL,0
MISSIHLRKLLGLLPEAYLPFDPIIDVLPIIPVLFLLLAFVWQAAVKFR,0
MLTITSFFGFLLAALTITSVLFIGLTKIRLI,0
MIASYLPSILVPLVGLVFPAIAMASLFLYIEQEEIS,0
MNIGFDMILAKLPEAYAMFDPLVDVLPVIPLLFLLLAFVWQASVSFR,0
MISDIQIMVALFAALFTGILALRLGTELYK,0
MKVRASVRKICENCRLIKRRGTVMVICSNNPKHKQRQG,0
MATVLLALLVYLGALVDAYPIKPEAPGEDAFLG,0
FVPFFTQSDIQKMQEKERNKGQ,0
AAAAPGAAGGAQLPLGNRERKAGCKNFFWKTFSSC,0
AAKIKKGDNVVVLTG,0
AVEKTNSSSSLGEVVDRILDKGVVVDLWVRVSLVGIELLALEARVVI,0
MESVAYILIFTLTIGTLFFAVAFREPPRIERKEK,0
NEQSGISQTVIVGPWGAQVT,0
METPALVATVFVSCLVLSITGYSLYIGFGPPSKELRDPFDEHED,0
MSNTGTTGRVPLWFVGMIVGLAALGLLGIFFYGSYTGLGSSL,0
MSTLPILLATLPEAYLPFRPLVDVLPSIPVLFLLLAFVWQAAVSFR,0
MKDFTTYLSTAPVLAAVWFGFLAGLLIEINRFFPDALSFSFV,0
MVTSFLPSLFVPLVGLVFPAVAMASLFLYIEKDEIA,0
MKVRPSVRKICDKCCLIRRHRKLLVICSNPKHKQRQG,0
MNSTGRIPLWLVVTFGGIVVLTVLGIFIYGSYSGLGSSL,0
LENRVAEKQKLFQEDNGLPVHLKGGATDN,0
MVCKGCGTNCKCQDTKCGDNCACNQDCKCVCKNGPKDQCCKSK,0
IIAGTARSMGITVEG,0
MPITDPELVAIFEKRVLNKKVCRRCGALNPMSATKCRRCRSKNLRPKKKK,0
MRKKIIFVCQDCLSRNYVKRWTKQPLQRLIINKYCKQCNQKTKHLDSF,0
MKRTFQPSNLVRKRRHGFRARMITATGRAILKKRRAKGRHKLSA,0
MEKAEKGNPKGKAFRGNKLAFGEYGIQALDRAWITQQQIEAVRVALVRS,0
MATRGFSCLLLVISEIDLSVKRWV,0
MKPALRDFIAIVQERLASVTA,0
MTHYIKKFPLMKDVNPLENQKYACRMKWLLLSVTITNHWFN,0
MGQEQDTPWIL,0
MRVAKIGVIALFLLMAIGGIGGVMLAGYSFILRAG,0
PAPESNFVRDP,0
SPSLDDERNDNFVRL,0
PVPDSSFLRDP,0
PAPESSFIRDP,0
SPALDDERNDNFIRL,0
PAPESGFIRDP,0
SPTLDDEHNDNFVRL,0
PAPETNYLRDP,0
PASDSGFLRDP,0
MGQEQGIPWIL,0
MNRLLQRQLFLENLLVGTNSMFHQISKHSINTCCRSL,0
MNRLLQRQLFLENLLVGVNSTFHQMQKHSINTCCRSL,0
MYGYSGYGYGFGCGTNTFVLIVVLFILLIIVGAAFIC,0
SLEDIEHEVEELLR,0
IPLDTIAGYKE,0
SWCDPATLKYVSGITGCRAMVKLQCL,0
MNFQENVTLAMALFTILTSIYFFNKAQQ,0
MRFCWQKSIHGS,0
MGFYSGYSGGYSGGGYGSSFVLIVVLFILLIIVGATFLY,0
MSQISTKHRTVLFRRWMAIICCLIINIAYLVY,0
MPVQLGVQHYFSAHWGIDATATVSFGIDTKLAKFRIPYTLRFGPVFRT,0
ARYGKSPYLYPLGY,0
ARQLNPSDQELQSPQQLYPQQPYPQQPY,0
MALRRALPGWTQDDSYRIRRSGRAERGVRAHSPAWSERPTPN,0
MALPSALWWPG,0
MSLLVQVISLVVISVVVIIIPPCGAALGRIKA,0
APGDRIYVHPF,0
MVQCVRHSVLPRLKKDAGLPFFFPLKTNTKPLN,0
MPMATTIEGADYTNIMPITVLTTVYLGVSIGIDTSTTGFTCFSRY,0
MKTKFVFDLLAPDDILHPSNHVNLIIRLI,0
MIGGLFLNTLSFVIVINHVIVNNTANVHTTQHENVIVQQH,0
MMLFITVYDINRKQKKRYGLHG,0
MLKYIYMHLSHKYNHILFTYNTRIIS,0
MKRNDKILHYRGLN,0
MIIKTLKMSARKRN,0
MFSKLAQSSIKAMF,0
MDLGSGSSQGGDLETTFQLWLQLLLWAHLAVRFLGYLHRTFRGPKPQPAP,0
LSSGATALSGVPRLTKPAGRLTTTTVAVAF,0
MIYRELNRALAIL,0
MVLNVVLAGDFDCVRRP,0
KAWFVLSMRAVGGLFVDLWTSVAKTVKGWL,0
MSRLFFVCRKVR,0
MNKQRFLFAAKISGIHFLLSLVVALALAGLIFFVWYPFPYQKIMGSFK,0
MNKQRFLFAAKISGIHFLLSLTVAALLAGL,0
MRSYEMNIETAEELSAVNDILASIGEPPVS,0
MSILPVIFLPIFFYSSFVQTFNASECIDKG,0
DVLELTDENFESRVSSDTG,0
MKCNKMNRVQLKEGSVSMTL,0
MLFDTHAHLNAVQYEEDLEQVIERARAEGVSHIVVVGFDRPTIDRAIEL,0
MERQVFIRLRHRLEADP,0
MAFFQKLTGQEQVNRDLLLLLCIGGFYTLGVSLSNTF,0
KAKQLETLKAAFAATPKPTRHIREQLAQETGLNMRVIQV,0
TTAIEPFISLGDK,0
MNYISFPTAQHAVDKIAQEFVIYSQLNHSRTYFPFWWFDA,0
MLFSGDELANNTVLELRAQGQLSAFNKQPNLTFETDAPAILQQAVAQTRE,0
ESQKVQGDVIGVDLGTTYSCVA,0
SGHTKIKVAVDT,0
MKKAWWKEGVVYQIY,0
ASNVPKELVEKGQNRV,0
LEDNGRTHWAVLVA,0
ADEGFSATVRNGAV,0
AAAAPPRRGPSGPDA,0
NDWRNAMYPVVPGHE,0
AYGGDGGAYYEWSPA,0
VSTLLPVVAAEEPA,0
ALSVPVFAVAPLNKK,0
DVHSNTGIFGIHTS,0
TQVTVEYVNEGGAMV,0
AGDKPGDALLDEWLG,0
EREQLRDQVYDAMAE,0
SGTSPLLPAITFILD,0
DLSNLLSRVPNERSN,0
SEVGALVFQPKTRF,0
VAGRSVVKIAEGYL,0
EYPVVFVKGLFPGKG,0
AGVDPAIPAYVKTNG,0
MGQGAVEGQLFYNVQ,0
EQCQDMAGGAR,0
TIEEVLNLPPYVVAA,0
AVFVILTNVYT,0
EVLYIPVTTDA,0
TGVNYGQLGNNLP,0
GPVEIYYLQSADAKG,0
SNPNFILTLVNNVPYTIWPA,0
KVPVDDQFRRVNNGGATDTR,0
AVPPRYGYTRG,0
ARKFFVGRNWPEL,0
APQEPNQFQLLKYH,0
SDRELHRSKAAYFF,0
NFQRDVEITWGDMRR,0
ISALFDEYEPLNDAD,0
IAIFNAYTPLPFAD,0
MRNIKVKPFLN,0
EDKYTDKYDNINLDE,0
MIYSTEVVNMNM,0
MIFNDLIGNNNIGD,0
AQGDNPDKDTDGN,0
KNGTVKWFNAEKGFGFITSED,0
VEIIANDQGNR,0
KKIEEEAAAAGATAE,0
ALFEESTVSAEPR,0
ANQRLPPLSNDPDRCERAFVGNT,0
ANEAKVVLVADNVQGDN,0
MDLSFTLSVVTA,0
VARGGKTKGRRG,0
AKAGVNKPELLP,0
ATQRLPPLSTEPNR,0
VVKQGLLAGRIPGL,0
AGLPTEEKPPLL,0
RDVAVGSFLPPS,0
ATKGSSDNRVLTGV,0
EQQQQQQPQNRRFRE,0
SPTEQPYSSAAPLI,0
EEQEQEQEQDTKMA,0
AAQEGETLTVEETV,0
AESGFQPVVDRKGD,0
EPVKKKDLKKATVPL,0
SPPAPFVPVPIN,0
PAGHGARARTRDLFAR,0
VSGSGIMAKRVVVDA,0
SFKKGLFLGTILGGA,0
VLYSPDTKVPR,0
TLNKVYKFDRDRRFL,0
NHQLTQENERLTQK,0
GSFFATPDDRH,0
AEYDVSDADIEAFYQ,0
LGAEISSLTLEEAR,0
GFGFVTFGNEK,0
STAGDTHLGGEDF,0
MRELIRLVSSAGTGHFYT,0
AMTEELEAVENNGVR,0
IEMAEGGNDNIGNESIK,0
VKMELDGGVASNSR,0
SRGFGFVTFGDEKGFGFVTFGDEKDAIEGMNGQDLDGRNITVNEAQSR,0
ITAGFISSSANTVYVKKGDVMVFPR,0
NQCPQAYSYAK,0
YNFNVYTSCTARRK,0
DMDDFGLGDFDDGR,0
LGSPFGGFDTLGSNR,0
NSTMDSLLQLGR,0
LSLQEFLGLWR,0
SDCACLHALGHVAR,0
TFVSSQVSGPR,0
AAALSQAADNLR,0
NSTMNSLLQLGR,0
MFLGPGGAGGQAFDQAR,0
GGGSNFGQFAGGLLDR,0
GDVVANPESVELK,0
GSFVNPTTPIR,0
LSLTPTPGVLHK,0
DISVVGGTGDFLMAR,0
FSGSVNQACSGFGWK,0
VSGTSYADYLR,0
DGVTDPLEVNVVK,0
NPVLPCPVGSLYK,0
DPLGSTEEFSR,0
GADPGCQDVVTPVQ,0
KKYSCLEGETHKLKPSPEPNMQECTLYSGSSCCYA,0
ELVSNASDALDKLR,0
RIISSVAVAVAGTA,0
IYSRLTVSPTGTLNR,0
MIREPRIREPRSLA,0
AWVDWEDQILQDTVPLVNFVRMI,0
LAYVALDYEQELETAKSYELPDGQVITIGAER,0
GVYVIEEDVATYTIK,0
ARARLGVRRFRRKR,0
AMAGTATVQGQGTR,0
ENGQLDGVIDPK,0
YGLAADNVLDAR,0
LVVELAPMEIR,0
DNLKKRRRCADDD,0
ISDDIQSIIQGIF,0
GFIGDIWSGIQG,0
TKSPDCGGILSPSGLSYFA,0
APSSMGFMGMR,0
HIAHHTLPCKCPICGKPFAPWLLQGHIRTHTGESPSVCQHCNRAFA,0
MDDFDKETAIKFMDFLAEEILNKKLSEDEKELIYSYVGGKPINRNCY,0
AITAGALQPGRLSVHREPWGFSREQAV,0
MYDDLIEQCHLSMERKSKLVDKALNKLESTIGQSRLSYLPPEIMRNII,0
MTRVQFKHHHHPD,0
MPTWLTTIFSVVIILGIFAWIGLSIYQKIKQIRGKKKDKKEIERKESNK,0
MNRVQFNHHHHHHPD,0
MKIKFVFDLLTPDDILHPSNHVNLIIRPI,0
MAAACRCLSLLLLSTCVALLL,0
CKPASIKIRLNSTADTGFYV,0
